<?xml version="1.0" encoding="UTF-8"?>
<project-private xmlns="http://www.netbeans.org/ns/project-private/1">
    <editor-bookmarks xmlns="http://www.netbeans.org/ns/editor-bookmarks/2" lastBookmarkId="0"/>
    <open-files xmlns="http://www.netbeans.org/ns/projectui-open-files/2">
        <group>
            <file>file:/Users/kylebarthelemy/NetBeansProjects/Prog01_aOrderedList/src/prog01_aorderedlist/Prog01_aOrderedList.java</file>
            <file>file:/Users/kylebarthelemy/NetBeansProjects/Prog01_aOrderedList/src/prog01_aorderedlist/Car.java</file>
            <file>file:/Users/kylebarthelemy/NetBeansProjects/Prog01_aOrderedList/src/prog01_aorderedlist/aOrderedList.java</file>
        </group>
    </open-files>
</project-private>
